filename,Mean,Variance,Standard Deviation,Range,Coefficient of Variation
eclipse__eclipse-collections#org,-0.14357671138866396,-0.06196215483360755,-0.08780774870698566,-0.06504883832732312,-0.27584582644598304
JCTools__JCTools#org,-0.19970934111797603,-0.06220960927971543,-0.15154385622210925,-0.08475723776210635,-0.24145993863644788
apache__camel#org,-0.19968466238539442,-0.06220960899192978,-0.15147531677606144,-0.08459589007502066,-0.2568762488707698
eclipse__rdf4j#org,0.589285570615737,-0.06002119489610756,0.03799731900345196,-0.017069635529615726,-0.2861731843944091
jgrapht__jgrapht#org,0.060369283664363234,-0.059838733040811325,0.045740772306518886,-0.02490462319186757,-0.2801937526444954
apache__tinkerpop#org,-0.19939361157936486,-0.062209590753843844,-0.15099257289659093,-0.08449613734248236,-0.26879777942302796
raphw__byte-buddy#net,-0.19899169554289436,-0.06219202559834531,-0.13455402167267974,-0.06319743124756469,-0.015850824245288626
apache__arrow#org,-0.19970898606452891,-0.06220960927890107,-0.15154038983444842,-0.08475287537674336,-0.18399289958257115
crate__crate#io,-0.1996998492375387,-0.062209609163609604,-0.1515003927205817,-0.08469917179694342,-0.23614735813096296
HdrHistogram__HdrHistogram#bench,-0.1996111524718785,-0.062200110148530115,-0.13905638814900845,-0.05483256141922898,1.1775027303208963
yellowstonegames__SquidLib#squidpony,-0.19970934557249775,-0.06220960927971764,-0.15154400816505545,-0.08475742851850217,-0.2773354319372403
ReactiveX__RxJava#io,-0.17791949129180853,-0.06213160651804874,-0.11575961137306212,-0.0688202751748788,-0.2699994719913981
prestodb__presto#com,0.6835147641029075,-0.06195374459854556,-0.08673369545604138,-0.0766801602176765,-0.28809799476917963
HdrHistogram__HdrHistogram#bench,-0.19960394725244163,-0.0621897719810881,-0.13349807015675083,-0.04808737160283357,1.6854140828296174
RoaringBitmap__RoaringBitmap#org,0.1897436646787538,-0.06215001001460171,-0.12026455960338034,-0.0744185142945522,-0.2880179672933286
JCTools__JCTools#org,-0.19970934127338383,-0.06220960927971593,-0.15154387821719512,-0.08475720131079216,-0.24667256232245313
netty__netty#io,-0.1997083156769438,-0.06220960927965699,-0.15154305263052711,-0.0847563648751778,-0.27820512481064497
JCTools__JCTools#org,-0.19970934365172335,-0.0622096092797154,-0.15154385509240742,-0.08475695516436393,-0.2384889767914737
apache__arrow#org,-0.1992339244724655,-0.06220958972761497,-0.15097750436353713,-0.08459201381151998,-0.2751985587687981
zalando__logbook#org,-0.19970933419343387,-0.06220960927971734,-0.1515439688516287,-0.08475738739081139,-0.27142060295132864
eclipse__jetty,-0.1997064952429058,-0.062209609257301735,-0.15152486831508435,-0.0847187501639186,-0.21245842340792767
yellowstonegames__SquidLib#squidpony,-0.19829442398891592,-0.06220864466034893,-0.1475646547953341,-0.08296402409686841,-0.2565009868392618
imglib__imglib2#net,-0.15750294269572812,-0.06061486715970131,0.010258165774415812,0.09353898539818002,-0.2447201055018199
zalando__logbook#org,-0.19968981905919328,-0.06220960906474593,-0.1514846454414718,-0.08469530893290378,-0.2539252353145835
crate__crate#io,-0.19886489864554607,-0.06220957241442105,-0.15076610781653765,-0.08382391241089925,-0.27831752018725026
cantaloupe-project__cantaloupe#edu,-0.19903137439018317,-0.062186102479796515,-0.13189977702197495,-0.06311427193317191,0.04529167068794917
apache__kafka#org,-0.19865511074245437,-0.062209499267380855,-0.150200173131154,-0.08440124523229331,-0.27423963368979404
ReactiveX__RxJava#io,-0.17628653986426354,-0.06220292816392437,-0.14107122908046305,-0.06765881810914286,-0.2837865131905495
apache__kafka#org,-0.1997043789609235,-0.062209609266754486,-0.15152946337844472,-0.0847522950480352,-0.25535126741788555
r2dbc__r2dbc-h2#io,-0.19969275610821494,-0.0622061638062111,-0.14402325739554364,-0.06921011604012027,4.927376223606067
cantaloupe-project__cantaloupe#edu,-0.1995875753588105,-0.06220960852576413,-0.15143279844545887,-0.0846392935731142,-0.2784085550793967
yellowstonegames__SquidLib#squidpony,-0.19830206478615478,-0.06220833620707861,-0.14697247661918134,-0.08359936066542151,-0.2514706753048322
apache__arrow#org,-0.1997080716215948,-0.06220960927742556,-0.15153791710009998,-0.08475138198581096,-0.23520866566115922
apache__kafka#org,-0.199658086116821,-0.062209608448640145,-0.15142724677769223,-0.08460249651232493,-0.2626794397836658
ReactiveX__RxJava#io,-0.19970914042614715,-0.06220960927935939,-0.15154162592178502,-0.08475468982444702,-0.17616986272253066
eclipse__eclipse-collections#org,2.9863238057337056,0.17367733273862174,1.816302301286174,1.2218276919303792,-0.2818192994006586
openzipkin__zipkin#zipkin2,-0.19384960228083872,-0.06220597856542553,-0.1438237319042481,-0.07979815692626516,-0.2737456857723471
protostuff__protostuff#io,-0.19970809984906784,-0.06220960927722339,-0.15153765230272387,-0.08475316481886186,-0.23166122526147886
apache__arrow#org,-0.19969666757033017,-0.06220960927942124,-0.15154184511185623,-0.08475664515137508,-0.2869437248773242
prestodb__presto#com,-0.19967738399972443,-0.0622096092562393,-0.15152441897268237,-0.08473902560845996,-0.2818679974337504
apache__kafka#org,-0.19965504344660973,-0.06220102395357224,-0.13967222232866577,-0.04635343121686222,2.231130966357365
eclipse__rdf4j#org,-0.14678200970058863,-0.061812630963052395,-0.07081634216481367,-0.017756206613421262,-0.27134912810284284
apache__kafka#org,-0.19970028948435573,-0.06220960915957163,-0.1514996400350209,-0.08474603784963128,-0.23263855537532363
openzipkin__zipkin#zipkin2,-0.1997093053961469,-0.06220960927950058,-0.1515421632600541,-0.08475484276797336,-0.026953207256653774
apache__camel#org,-0.19970929421805553,-0.062209609279685454,-0.15154332321642772,-0.08475651999702911,-0.19987939367227414
jgrapht__jgrapht#org,2.8772007963821733,0.6318542666416791,3.2239625106267855,0.419912666045464,-0.2762889697910602
protostuff__protostuff#io,-0.1997093150651563,-0.062209609279533465,-0.15154231205380708,-0.08475456084700506,-0.015836958611290582
cantaloupe-project__cantaloupe#edu,-0.1994824548605992,-0.061960628424313095,-0.08761147396056704,-0.0031189521542432353,2.961026444778857
openzipkin__zipkin#zipkin2,-0.19841328216295379,-0.06220938766081093,-0.14963664761420312,-0.08394185613748714,-0.27196760734463954
apache__hive#org,-0.19970932296726,-0.062209609279716985,-0.15154393927088067,-0.08475735849205096,-0.2692164975207286
openzipkin__zipkin#zipkin2,-0.1997088756509047,-0.06220960927930431,-0.15154144617839863,-0.08475537461661087,-0.23034665302118737
zalando__logbook#org,-0.1997093332695828,-0.062209609279717144,-0.15154395173695298,-0.08475732046210153,-0.2681410428842445
jdbi__jdbi#org,-0.1997089056376095,-0.062209609279301206,-0.15154143641305773,-0.0847548662910349,-0.22647458814956242
JCTools__JCTools#org,-0.1997093455986249,-0.062209609279716,-0.15154388168053665,-0.08475720887983294,-0.24334476579277206
ReactiveX__RxJava#io,-0.19969781746412013,-0.062209602090597164,-0.1512005115506824,-0.0836437791152311,0.05355487274434077
apache__camel#org,-0.18746159276765476,-0.06180958501072258,-0.07050722845444055,-0.019329703853742223,-0.21261706294680355
raphw__byte-buddy#net,-0.19813486033329883,-0.062169194030631536,-0.1257860675890836,-0.05970744792434025,-0.10022462863881387
eclipse__jetty,-0.19970923367531643,-0.062209609279316624,-0.15154148525253158,-0.08475495955705488,-0.09778332350670964
JCTools__JCTools#org,-0.19970934181835612,-0.062209609279717665,-0.15154401349685892,-0.08475744636478673,-0.2795849551219269
netty__netty#io,-0.19970933991248951,-0.062209609279717505,-0.15154398851824247,-0.08475739838868472,-0.274025460737305
jdbi__jdbi#org,-0.19941349428179062,-0.06220958075588159,-0.15085975665797458,-0.08412315017070489,-0.2622659094882914
zalando__logbook#org,-0.1996805627330198,-0.06220957409486273,-0.15078404522795763,-0.08385420463039714,0.015208378900620831
openzipkin__zipkin#zipkin2,-0.19581588670571992,-0.062208126473097945,-0.14661025192803023,-0.08232518805526026,-0.27432618489929905
apache__camel#org,-0.18526673548360922,-0.06216588759691045,-0.12475312874239074,-0.0651388666434594,-0.26754533139435344
protostuff__protostuff#io,-0.1997092515411391,-0.06220960927956316,-0.15154245835257535,-0.0847549524567473,-0.1547965503497246
h2oai__h2o-3#water,-0.19240150099118317,-0.06210308941638627,-0.10972689122775783,-0.053193707725827315,-0.22293310813511638
RoaringBitmap__RoaringBitmap#org,-0.16081442110096714,-0.06220578726206209,-0.1436229498601869,-0.08138014315166907,-0.2865951465143056
apache__arrow#org,-0.19970927517390585,-0.062209609278171075,-0.15153901245781284,-0.08475214267505916,0.2238365474439647
h2oai__h2o-3#water,-0.19969943771475065,-0.06220960926838822,-0.1515304135691171,-0.08474952164432473,-0.27313410881391226
apache__arrow#org,-0.19970927707510563,-0.06220960927816228,-0.1515389981568861,-0.08475206381593216,0.23406333162457782
protostuff__protostuff#io,-0.19958710115918113,-0.062209606039752466,-0.15131342478977955,-0.08469110157592456,-0.2671882521271216
openzipkin__zipkin#zipkin2,-0.1997093110040647,-0.06220960927971753,-0.1515439910097092,-0.08475743834472961,-0.27995894075351474
openzipkin__zipkin#zipkin2,-0.19782764207485798,-0.062209094469047585,-0.14863693108540188,-0.08304310277578741,-0.2711224315890636
apache__logging-log4j2#org,-0.19970928531512572,-0.06220960927951646,-0.1515422335472593,-0.08475447694181647,-0.08577806748095228
apache__arrow#org,-0.1996959994093674,-0.06220960927964858,-0.1515429857849118,-0.0847563024752693,-0.2880263701473661
jdbi__jdbi#org,-0.19970923444431385,-0.06220960927950765,-0.15154219422794646,-0.08475444443659398,-0.14990692976759085
eclipse__jetty,-0.19970926287618293,-0.06220960927933793,-0.15154155432216557,-0.08475406606167259,-0.05970173431874614
imglib__imglib2#net,-0.19802631626883999,-0.062137721454570194,-0.11719087428623062,-0.04195594419877062,-0.05348275701314237
crate__crate#io,-0.19970738944833205,-0.062209609266566775,-0.1515293581330211,-0.08474741873453343,-0.20415482580601316
prestodb__presto#com,0.3572559152489589,-0.056821720981532764,0.14586112804179718,0.06822672499964194,-0.2827845584495635
protostuff__protostuff#io,-0.19970925519655036,-0.062209609279510344,-0.1515422061589618,-0.0847544437898616,-0.12929992179614425
JCTools__JCTools#org,-0.19970934294794432,-0.06220960927971669,-0.1515439196318239,-0.08475715310736727,-0.2555999728586244
apache__camel#org,-0.1996939763109724,-0.06220960927779077,-0.15153842697240616,-0.08475505150230234,-0.2847346251823939
protostuff__protostuff#io,-0.19970933008126043,-0.06220960927954544,-0.15154236951858652,-0.08475254009753784,0.04298054618383529
JCTools__JCTools#org,-0.1997093470601835,-0.06220960927971723,-0.1515439587190319,-0.08475728450501373,-0.2631657991273627
crate__crate#io,-0.1988464873587013,-0.06220934010776704,-0.1494419476979114,-0.082331867379793,-0.2608417199181689
apache__kafka#org,-0.19958410516464262,-0.062209601551129895,-0.15118785517628028,-0.08466242660635877,-0.2561461427954681
cantaloupe-project__cantaloupe#edu,-0.19769588026899199,-0.062160356924954786,-0.12310908394458536,-0.05229389033178773,-0.12603157982594734
JCTools__JCTools#org,-0.1997084112666761,-0.0622096092793806,-0.15154169878205956,-0.08475631885121752,-0.2611733576338904
hazelcast__hazelcast#com,-0.19970901878048244,-0.06220960927944425,-0.15154193245241843,-0.08475411306512633,-0.22283513838397473
protostuff__protostuff#io,-0.19970933491772477,-0.06220960927963963,-0.15154291894013183,-0.08475469319638612,-0.04528965789142816
eclipse__eclipse-collections#org,1.5689706458355326,-0.02830936820486385,0.5944590436843127,0.429605434287425,-0.2840787749994999
JCTools__JCTools#org,-0.1996457072418476,-0.062209606618440265,-0.15133503309717827,-0.0847463349800325,-0.25108031163563455
jgrapht__jgrapht#org,-0.16630078687109318,-0.0621425873287603,-0.11837387593713042,-0.045077697095449114,-0.2774908033198187
hazelcast__hazelcast#com,-0.19970933493441595,-0.06220960927968906,-0.15154336506860547,-0.0847567175865102,-0.14123066438808868
eclipse__jetty,-0.19970929986798036,-0.06220960927925481,-0.1515412946243272,-0.08475271568732981,0.0697263018685071
netty__netty#io,-0.1997093446980037,-0.062209609279708,-0.1515436512981751,-0.08475674017459085,-0.18365464027002862
eclipse__rdf4j#org,-0.17019811822614594,-0.06206598559483134,-0.10298700425415545,-0.04246940008589361,-0.2699634351568362
ReactiveX__RxJava#io,-0.12461942196773991,-0.0621980533401126,-0.1377706289616462,-0.07843697446153189,-0.28682849761362267
apache__camel#org,-0.19970737273694666,-0.062209609275368484,-0.15153560158575155,-0.0847534191068793,-0.24058783428294286
ReactiveX__RxJava#io,-0.1996898241906408,-0.06220960927299847,-0.1515335487031146,-0.08474761955090133,-0.28275163348632
netty__netty#io,-0.19970919603270726,-0.06220960927951297,-0.15154221788078795,-0.08475450570702402,-0.17906772373308602
raphw__byte-buddy#net,-0.19970938315675893,-0.062209609279716666,-0.15154391762480157,-0.08475732128496223,-0.001999015869239655
crate__crate#io,-0.19916822694093936,-0.062209583251227,-0.1508903736094067,-0.08436020526662502,-0.27500994930970135
protostuff__protostuff#io,-0.19970933430862306,-0.06220960927960417,-0.15154268587765754,-0.08475496983098048,0.0015548813684223717
apache__logging-log4j2#org,-0.19970890984329207,-0.06220960927699604,-0.1515373670361845,-0.0847500475110399,-0.12785751332185014
cantaloupe-project__cantaloupe#edu,-0.19853263666824672,-0.06220039547672357,-0.1392453658677658,-0.058531136548169174,-0.16837706801604754
eclipse__rdf4j#org,-0.1980680594162885,-0.06217497153982655,-0.12769813542464448,-0.06086911660946327,-0.12134429532315542
eclipse__jetty,-0.19970914938514533,-0.06220960927860907,-0.15153978518810365,-0.08475439968147101,-0.0831524128273494
r2dbc__r2dbc-h2#io,-0.1997078150184731,-0.062209609276564895,-0.15153685705801892,-0.08475109695965102,-0.23620014582509458
eclipse__eclipse-collections#org,0.3137798892197791,-0.0544778546028134,0.20472514064000585,0.03672522821326842,-0.2809405734292437
crate__crate#io,-0.1990788395335481,-0.062209591213966554,-0.1509994644265061,-0.08428013697821436,-0.2789811677478995
HdrHistogram__HdrHistogram#bench,-0.1996123769626015,-0.06220922986277453,-0.14904832141716925,-0.07950216404144725,0.00783251534143749
jdbi__jdbi#org,-0.19970934331925197,-0.062209609279717484,-0.1515439855721683,-0.08475737438598471,-0.272149746281947
raphw__byte-buddy#net,-0.19970938477612551,-0.062209609279717755,-0.15154404792400178,-0.08475746307911029,-0.2782779339831659
apache__hive#org,-0.19970473928621416,-0.06220960927967397,-0.15154320361834434,-0.08475655396644034,-0.28684092906596115
eclipse__rdf4j#org,-0.044181676093677374,-0.06172148588400467,-0.0620273546508472,-0.011496293790488051,-0.2823047386619396
eclipse-vertx__vert,-0.19970911106897066,-0.06220960927862298,-0.15153981203274397,-0.08475421206432826,-0.11268701765933933
jgrapht__jgrapht#org,1.996740541784768,0.5614445765083251,3.0481699137372256,0.29326049435050555,-0.2721392082191132
jgrapht__jgrapht#org,0.16640393325965072,-0.058063853840895095,0.1093361226780747,-0.015534947224638522,-0.28072431200186415
apache__camel#org,-0.19970934499920673,-0.062209609279717366,-0.15154397155455598,-0.08475725449007578,-0.267787301853832
yellowstonegames__SquidLib#squidpony,-0.19833159894043978,-0.062209034333243915,-0.14847182693337743,-0.08404824716786548,-0.2632212255338797
apache__logging-log4j2#org,-0.1995894396745026,-0.06220950893192922,-0.15026055947945993,-0.08376915402936615,-0.16550526474534283
apache__kafka#org,-0.19964946336812248,-0.062209608518631644,-0.1514322734511122,-0.08470927331469122,-0.26742644113271574
prometheus__client_java#io,-0.19970935312792096,-0.06220960927971756,-0.15154399509151298,-0.08475739723795389,-0.27059867336026583
apache__logging-log4j2#org,-0.19970748510406655,-0.06220960927873851,-0.1515400419441295,-0.08475355530729475,-0.26464459965302933
crate__crate#io,-0.02454091579600914,-0.06174994559482524,-0.06467614931727493,-0.05410408752077539,-0.2832236627276449
h2oai__h2o-3#water,0.5748176179561636,-0.028891268791559933,0.588028725994715,0.1042515136322641,-0.27792909273140076
apache__kafka#org,-0.19970861621502714,-0.0622096092781671,-0.15153900599422446,-0.0847539040953992,-0.21358204043503687
cantaloupe-project__cantaloupe#edu,-0.18842117284248114,-0.061925747846528045,-0.08327994153435578,-0.021209255299619898,-0.21918179016608508
protostuff__protostuff#io,-0.19970933336719085,-0.06220960927971736,-0.15154397103717282,-0.08475738144583644,-0.27214007279962926
hazelcast__hazelcast#com,-0.1997089389588563,-0.06220960927907798,-0.15154081061812755,-0.08475316610154231,-0.20578673748401888
ReactiveX__RxJava#io,2.128866361735017,-0.050405195544094755,0.288667513077037,-0.009800059348144841,-0.28676364257720216
openzipkin__zipkin#zipkin2,-0.19970934284798308,-0.06220960927971762,-0.15154400494647857,-0.08475742946621993,-0.2772150361746007
zalando__logbook#org,-0.19970877816179058,-0.06220960927901804,-0.15154066218807774,-0.08475430352694242,-0.22488854839920336
HdrHistogram__HdrHistogram#bench,-0.1995307564530827,-0.06220672716365999,-0.14466553196663434,-0.07521109979561097,0.15526896502490609
yellowstonegames__SquidLib#squidpony,-0.19957215890617006,-0.062209608792042174,-0.15145457577461124,-0.08470185162999495,-0.28142285109289894
HdrHistogram__HdrHistogram#bench,-0.19951447261543062,-0.06220548271239686,-0.1433134095647637,-0.06958154741128503,0.19818294902007552
protostuff__protostuff#io,-0.1996178787135524,-0.06220960464107997,-0.15126809881468858,-0.0846956859957191,-0.2541570201351194
apache__logging-log4j2#org,-0.19970934929789455,-0.06220960927971765,-0.15154401088881903,-0.08475741832159245,-0.2770340076812172
apache__arrow#org,-0.19969833091075684,-0.06220960927932703,-0.15154151877956698,-0.08475666539592659,-0.2863023078959977
RoaringBitmap__RoaringBitmap#org,-0.19053944703832587,-0.06220955869977306,-0.15063282055664348,-0.08231260933258513,-0.2877981478992842
apache__tinkerpop#org,-0.1983238358240036,-0.06220937226538039,-0.1495715081010959,-0.08399045505959356,-0.2725212274314613
prometheus__client_java#io,-0.19970933861687776,-0.06220960927971752,-0.15154398908523417,-0.08475740075487274,-0.2745437129152292
openzipkin__zipkin#zipkin2,-0.1997093424573161,-0.06220960927971763,-0.15154400690040784,-0.0847574154964465,-0.27780367170366776
zalando__logbook#org,-0.19970159026817869,-0.06220960915767568,-0.15149929099241327,-0.08471014621286677,-0.2227301450349148
r2dbc__r2dbc-h2#io,-0.19969969866086965,-0.06220940527765718,-0.14971402854676957,-0.08219798667016442,1.8897412485221283
apache__tinkerpop#org,-0.19970388289903584,-0.06220960875154933,-0.15145093515487226,-0.08465006912953907,-0.09383690334796731
eclipse-vertx__vert,-0.1996958150192366,-0.06220960919660972,-0.15150711447577456,-0.08472738169766211,-0.2575520953890458
apache__tinkerpop#org,-0.1992704890190398,-0.0617156313610943,-0.06149212578081152,0.0158275428066207,2.077978402995626
crate__crate#io,-0.17575079283430886,-0.06220652419875301,-0.1444274520093394,-0.08031621038761003,-0.28551786882505076
prestodb__presto#com,2.2003654876104797,0.0053466409148198325,0.9015617463412341,0.13882238702859206,-0.28388271823241434
yellowstonegames__SquidLib#squidpony,-0.19588827107099407,-0.06220870739358623,-0.14769622836297017,-0.08347140838304008,-0.27732784987323794
eclipse-vertx__vert,-0.19969545295312768,-0.062209609230806207,-0.15151571498246874,-0.08472274627160901,-0.2654873070558737
apache__arrow#org,-0.19970617253728623,-0.06220960927969712,-0.1515434693316961,-0.08475715302307986,-0.2868565791488536
apache__hive#org,-0.19970821148787454,-0.06220960927970821,-0.1515436555347461,-0.08475709729842851,-0.28506470131869477
jgrapht__jgrapht#org,-0.14279552041307636,-0.061925820306151146,-0.08328865477749646,-0.06316581616365048,-0.2751096294721373
cantaloupe-project__cantaloupe#edu,-0.19952714962672313,-0.062056728389128187,-0.10144657630932047,-0.024923485045717543,2.8823088797070433
apache__camel#org,-0.19965657309003032,-0.06220960757011292,-0.1513765235152555,-0.08459619286193744,-0.25235281820685523
h2oai__h2o-3#hex,0.2541232126209533,-0.06033259803356418,0.02399456599189445,-0.04194774068398252,-0.28448246280146666
prestodb__presto#com,-0.19968025315729512,-0.06220960927142907,-0.15153238647357345,-0.08475125810341579,-0.284325823582159
apache__kafka#org,-0.1995977624631266,-0.06220960862965267,-0.15144074727686593,-0.08470189616128286,-0.2782685085108189
apache__hive#org,-0.19969749324035937,-0.062209609279198136,-0.15154113074653083,-0.08475689132192799,-0.2861120584778957
eclipse__jetty,-0.19970857397339561,-0.06220960927110464,-0.1515321603736126,-0.08474852298616711,-0.12054078759373343
protostuff__protostuff#io,-0.19970933306889066,-0.0622096092796772,-0.15154323547086593,-0.08475499266835357,-0.1192445981644539
eclipse__eclipse-collections#org,-0.12916747209909937,-0.06143818313853722,-0.03900936323712271,-0.04497168244280266,-0.27054121439831885
ReactiveX__RxJava#io,-0.18549858484072446,-0.06219827044445364,-0.13790062479683365,-0.07747527011252482,-0.2778690590503494
apache__arrow#org,-0.19970917218111778,-0.06220960927941539,-0.1515418234714878,-0.08475463871746751,-0.17015093866453174
prometheus__client_java#io,-0.1997017993819326,-0.0622096086773883,-0.15144461250543972,-0.08473927674082936,-0.13779065833168974
eclipse__rdf4j#org,-0.0006161762794396329,-0.06100273449801369,-0.010786941108890944,0.0011446914584028942,-0.280788633753049
prestodb__presto#com,-0.19966421425681413,-0.06216271001973138,-0.12379665547731379,-0.05523492009705454,6.79682825466306
h2oai__h2o-3#water,-0.191172493390058,-0.06212743969249193,-0.1148162620683579,-0.05349645375409184,-0.23931372570182424
cantaloupe-project__cantaloupe#edu,-0.14922313786394356,-0.06220903765079533,-0.14848070341883754,-0.08280881680399978,-0.28824453007071577
HdrHistogram__HdrHistogram#bench,-0.19959896110367698,-0.062209606124528936,-0.15131646206132218,-0.08426409542497033,-0.26516891826787414
zalando__logbook#org,-0.19970933381527478,-0.06220960927971721,-0.15154395703341378,-0.08475735834789146,-0.2690501836972345
r2dbc__r2dbc-h2#io,-0.19970418458523972,-0.062209464776102154,-0.15000384617283294,-0.08093048609475674,3.1253558092853813
eclipse__eclipse-collections#org,-0.18877118666928983,-0.06218882004082047,-0.13307015384408963,-0.08278736145763085,-0.26946091792674987
netty__netty#io,-0.19970921280371023,-0.06220960927971699,-0.15154393971748556,-0.08475737349242193,-0.2816130394823734
hazelcast__hazelcast#com,-0.19970934070950958,-0.06220960927971708,-0.15154394612910274,-0.08475735390879194,-0.2635520873972
apache__arrow#org,-0.19303066471056682,-0.06220894351286158,-0.14823807064170283,-0.08344111848228396,-0.2832341458804048
eclipse__rdf4j#org,4.070176982545338,-0.049741816400227075,0.3008678544783316,0.03155575181755582,-0.2877222110257712
eclipse__eclipse-collections#org,0.5455360333094428,-0.045911487047139904,0.3657149074373291,0.2716133119434591,-0.2809375906657998
raphw__byte-buddy#net,-0.19638435165781054,-0.0621480131089305,-0.11974485879126834,-0.053108054617578025,-0.1786190172325303
zalando__logbook#org,-0.19969909847049577,-0.062209609110563634,-0.15149135505083958,-0.08469963618495081,-0.229867471761612
prometheus__client_java#io,-0.1997093553931744,-0.06220960927971772,-0.15154402974967413,-0.08475742802123386,-0.2814086020020055
r2dbc__r2dbc-h2#io,-0.19970534585743757,-0.06220955570157308,-0.15060620207198794,-0.08365758521747559,2.3872655041681172
r2dbc__r2dbc-h2#io,-0.19970791239631863,-0.06220960927698511,-0.15153735362459259,-0.08475279203739222,-0.23660137720359364
r2dbc__r2dbc-h2#io,-0.19969619039723704,-0.06220960926944187,-0.1515310632045127,-0.08474886827052128,-0.277591977986592
apache__hive#org,-0.19848419423384353,-0.06220959981352299,-0.15114984201951112,-0.08440372354593248,-0.2852327545231818
eclipse__jetty,-0.1997091749323071,-0.06220960927858459,-0.15153973834753928,-0.08475420314031518,-0.05600967957004373
ReactiveX__RxJava#io,-0.19970933304060834,-0.06220960927966602,-0.15154312987845647,-0.08475547902650242,-0.0973807703984146
apache__tinkerpop#org,-0.19970824555434674,-0.06220960927743212,-0.15153792589243578,-0.08475235318998188,-0.22712017013055796
eclipse-vertx__vert,-0.19970288799681127,-0.06220960926747466,-0.15152987438511745,-0.08474763064930275,-0.2637855981126079
prestodb__presto#com,-0.1997090458754609,-0.0622096092797171,-0.15154394772846952,-0.08475736817623422,-0.2854542961875147
RoaringBitmap__RoaringBitmap#org,-0.19970934640775004,-0.062209609279717644,-0.15154400942374766,-0.08475743413842662,-0.277449937817865
crate__crate#io,0.13892039074875012,-0.06040570358907946,0.020542190479227757,-0.04857113231598927,-0.2830820762408163
r2dbc__r2dbc-h2#io,-0.19958249980866719,-0.06219013228296757,-0.13366270436420913,-0.06627991438943993,1.3367292907006316
prometheus__client_java#io,-0.19970246957490626,-0.06220960881159289,-0.15145638764008146,-0.08474985278316782,-0.14278216163924284
ReactiveX__RxJava#io,-0.19970163822765294,-0.06220960927678639,-0.1515371143719836,-0.08475255843241103,-0.27861900921700655
eclipse__eclipse-collections#org,0.07509447265567586,-0.059661137150705236,0.0529963859319443,0.07977727382131233,-0.28035807153403397
RoaringBitmap__RoaringBitmap#org,-0.1997093491794879,-0.06220960927971761,-0.15154400302886595,-0.0847573884413723,-0.27476589826822484
zalando__logbook#org,-0.19970063716828132,-0.06220960926534263,-0.15152868949588938,-0.08475262600442443,-0.2686944842140268
imglib__imglib2#net,-0.17089400632493265,-0.06220891189101735,-0.14816046952997525,-0.08080295226503839,-0.28758990804015305
raphw__byte-buddy#net,-0.19970934285310388,-0.062209609279678876,-0.15154325253615933,-0.0847552486960815,-0.08720743917985693
imglib__imglib2#net,-0.17595797219800635,-0.06219736368090444,-0.1373655852863083,-0.0791538354460936,-0.28205804136997303
apache__tinkerpop#org,-0.19970861633580778,-0.06220960927858235,-0.15153973408666244,-0.08475286850894607,-0.22444736123100437
RoaringBitmap__RoaringBitmap#org,-0.17829313288166254,-0.06220430743090847,-0.14221466876632588,-0.08103307137217175,-0.28391915864678
JCTools__JCTools#org,-0.19970188203114794,-0.062209609190074344,-0.15150568964791375,-0.08475443243645497,-0.22999000375816406
raphw__byte-buddy#net,-0.1990647277029841,-0.062182351377884616,-0.13039039491334017,-0.06257752601740475,0.08959427561319414
apache__hive#org,-0.19970473812761314,-0.062209609279671445,-0.15154317949324134,-0.08475655578084823,-0.286781607249735
prometheus__client_java#io,-0.1997093479001018,-0.062209609279717616,-0.15154400414317307,-0.08475740458286428,-0.2755286581945263
hazelcast__hazelcast#com,-0.19970928509389138,-0.06220960927959606,-0.1515426379848588,-0.08475509471515094,-0.13131659034729717
jdbi__jdbi#org,-0.19970327137889649,-0.06220960880295706,-0.15145558273813065,-0.08466648465491673,-0.12210606379712213
imglib__imglib2#net,-0.18721478699780067,-0.062205413247303304,-0.14324442290127612,-0.08179362433659398,-0.2812816125170609
h2oai__h2o-3#hex,-0.19963035726254458,-0.06220960893307643,-0.15146861526851624,-0.08475066941649476,-0.2779332495888157
prometheus__client_java#io,-0.19970935474966406,-0.06220960927971771,-0.15154402812366202,-0.08475744209270746,-0.28099693412202115
apache__kafka#org,-0.19970874061962757,-0.06220960927957777,-0.15154253548132307,-0.08475695168475024,-0.26195382447248394
openzipkin__zipkin#zipkin2,-0.19970744495396664,-0.06220960927724733,-0.1515376830782429,-0.0847515454032956,-0.2511456536884708
netty__netty#io,-0.19970933900242058,-0.06220960927971683,-0.15154392851706863,-0.08475732282711859,-0.2603253999688774
netty__netty#io,-0.199709025377517,-0.06220960927936612,-0.15154164877101087,-0.08475464382918677,-0.21262281149895434
apache__camel#org,-0.1995483515531183,-0.061650202875777896,-0.05571372819451437,0.014753942473089627,6.575944833863424
apache__hive#org,-0.19970932320636134,-0.06220960927971703,-0.15154394292354634,-0.08475734998334426,-0.2697892986961543
r2dbc__r2dbc-h2#io,-0.19970234105901635,-0.06220905002121844,-0.14851403113863362,-0.07707389358259788,4.670900962896751
prometheus__client_java#io,-0.19970931362101887,-0.06220960927958688,-0.15154258565802328,-0.08475492132820642,-0.06323419510182614
RoaringBitmap__RoaringBitmap#org,-0.07981276229491528,-0.061935957530519774,-0.08451881564092664,-0.06924903789883963,-0.2824955710379941
zalando__logbook#org,-0.19970914925188257,-0.06220960927939585,-0.15154175262412253,-0.08475447504118054,-0.1781186944210682
JCTools__JCTools#org,-0.1997093870689757,-0.062209609279717755,-0.15154405116833944,-0.0847574668409251,-0.28712565582937366
hazelcast__hazelcast#com,-0.1997090408762055,-0.06220960927932772,-0.15154152100869536,-0.08475232462134104,-0.2049809616040946
jgrapht__jgrapht#org,8.718485156669136,23.329397145873426,19.44453862720742,2.76879350334737,-0.2635962180086409
jdbi__jdbi#org,-0.19970220261257726,-0.06220960891889286,-0.1514670874252601,-0.08468211384206872,-0.16538925739844368
apache__logging-log4j2#org,-0.19970817059390922,-0.06220960927934276,-0.1515415702764302,-0.08475452641738018,-0.2654439369001336
RoaringBitmap__RoaringBitmap#org,-0.19757563800468214,-0.06220869458942864,-0.14766901068259727,-0.08238318059441628,-0.26799426799968185
apache__tinkerpop#org,-0.19970354158945164,-0.06220960924171575,-0.1515190742750414,-0.08474250042503284,-0.2396646240409384
RoaringBitmap__RoaringBitmap#org,-0.1996988436101208,-0.06220960927947953,-0.15154207381919363,-0.08475572969280805,-0.28678105015282573
apache__logging-log4j2#org,-0.1997093206643175,-0.06220960927959483,-0.1515426308614948,-0.08475505027040509,-0.04749428341406453
yellowstonegames__SquidLib#squidpony,-0.19785546945014673,-0.06220936618998238,-0.1495463869247765,-0.08382186278064807,-0.27651401772051787
zalando__logbook#org,-0.199686517519985,-0.06220960858057453,-0.15143691863504885,-0.08465293024974577,-0.23490726932479328
crate__crate#io,-0.19950553990505016,-0.06168088671837301,-0.05837897222203031,0.025084080099815248,4.9833731805703865
eclipse-vertx__vert,-0.19970934234740262,-0.06220960927971749,-0.15154398640787758,-0.08475740478723903,-0.2727118625728944
apache__camel#org,-0.1965404761382386,-0.06220809161386981,-0.14655259460036812,-0.08223535325793437,-0.2707737316637391
cantaloupe-project__cantaloupe#edu,-0.19970936586013158,-0.06220960927971775,-0.15154404111049777,-0.08475745983606775,-0.28370987678523824
eclipse__eclipse-collections#org,0.5185095209718926,-0.052751040736616475,0.24250650375951568,0.0055468237016269,-0.2826152636470083
jgrapht__jgrapht#org,2.3223317465381195,0.39670319220235273,2.593215609159068,0.24673520678909228,-0.2763897414710601
eclipse__eclipse-collections#org,0.2150001902741244,-0.056413723722552614,0.15691614925696026,-0.03322424926621752,-0.2803640260600372
ReactiveX__RxJava#io,-0.1996345257855267,-0.062209609263880764,-0.15152792729806266,-0.08474495262301235,-0.28645984584713097
eclipse__jetty,-0.19970929784180527,-0.062209609279715306,-0.15154385109647087,-0.08475726433627287,-0.2634662546870849
yellowstonegames__SquidLib#squidpony,-0.19910163960918684,-0.062209462858945005,-0.14999366273904527,-0.08437024290461992,-0.25951569736860314
netty__netty#io,-0.19970934399910012,-0.06220960927971745,-0.15154398135454394,-0.08475742156647557,-0.2708008869280065
HdrHistogram__HdrHistogram#bench,-0.19959674261183152,-0.062209606759475886,-0.15134064699784108,-0.08464000938728329,-0.26811393368740455
openzipkin__zipkin#zipkin2,-0.19958909606508726,-0.062030370917192726,-0.09729967512719412,-0.015132200728255782,4.913081134208639
apache__camel#org,-0.19048544461954037,-0.061859136664291,-0.07569218336860675,-0.03991377384820848,-0.19407953808724632
yellowstonegames__SquidLib#squidpony,-0.12069428864807416,-0.0622048595492172,-0.1427137867428022,-0.07712441209543298,-0.2876553014316453
jdbi__jdbi#org,-0.19935011259635194,-0.0619886703689278,-0.09131925501847298,-0.06060966682744031,1.6448192626596654
JCTools__JCTools#org,-0.19970207493209005,-0.06220960921855203,-0.15151236351141556,-0.08475243358578594,-0.23896198158785745
apache__kafka#org,-0.19958505560263998,-0.062209607883030545,-0.15139262945689244,-0.08452951529937183,-0.27489506546092496
ReactiveX__RxJava#io,-0.19856852611640324,-0.06220950138644793,-0.15021317901508663,-0.08419329647297938,-0.2754871562155442
zalando__logbook#org,-0.19970933769396057,-0.062209609279716985,-0.15154393919547782,-0.08475735412895109,-0.26348492870308854
prestodb__presto#com,10.727732803115556,0.052583564248038464,1.2212243286406734,0.12977580333609523,-0.28749527792826407
eclipse-vertx__vert,-0.19709955981444133,-0.062194532005354276,-0.13581144582000151,-0.06831172717433469,-0.21940287123752084
apache__camel#org,-0.19970667073306436,-0.06220960927661643,-0.15153691609027561,-0.08475222219409481,-0.25865785123786894
eclipse__eclipse-collections#org,0.2645593580810942,-0.05507150637323143,0.1907746597590359,0.026224729284477246,-0.28043865634386067
JCTools__JCTools#org,-0.19970886836345522,-0.06220960927962848,-0.15154284080644267,-0.08475713510047941,-0.2620967507661585
protostuff__protostuff#io,-0.1997093160870741,-0.06220960927955905,-0.1515424373046905,-0.08475460552344977,-0.03192859717509254
apache__camel#org,-0.189782110100593,-0.06207556129249921,-0.10463362455779882,-0.039912547828415974,-0.2344320889419123
eclipse__rdf4j#org,-0.03328778338942215,-0.061608974891349866,-0.05224517536959043,-0.0036613061282361704,-0.2820612929751266
JCTools__JCTools#org,-0.19970933712142253,-0.06220960927971766,-0.15154401172526222,-0.08475745228577579,-0.28004250022671295
eclipse-vertx__vert,-0.19970920514269508,-0.062209609279656984,-0.15154305257358572,-0.08475641279662749,-0.2261147737789235
eclipse__eclipse-collections#org,-0.19176715753907783,-0.06204057527564733,-0.09886641557326971,-0.028203067176290137,-0.2124306648523994
raphw__byte-buddy#net,-0.19970938339051508,-0.06220960927971739,-0.15154397387231838,-0.0847573357772795,-0.11509312572132269
RoaringBitmap__RoaringBitmap#org,-0.19965093327894562,-0.06220960927476737,-0.1515350365463662,-0.08475173170544116,-0.28716543718850124
imglib__imglib2#net,-0.17213654003561563,-0.061589728596005415,-0.05066678903935912,0.08510156526533406,-0.24673911538697477
apache__hive#org,0.1551642203746358,0.03315918928649298,1.0997010544294434,0.9446952932789746,-0.24826974948520092
jgrapht__jgrapht#org,0.7841256825120508,-0.05837884299839975,0.0992296926699382,-0.019492827590105944,-0.28600403533934504
raphw__byte-buddy#net,-0.19581811420943745,-0.06213742732142805,-0.117120667034124,-0.05229630931691757,-0.1868933443544571
yellowstonegames__SquidLib#squidpony,-0.19591418034121397,-0.06220870973594142,-0.14770122834445112,-0.08365017245110967,-0.2772637429778389
prestodb__presto#com,-0.19946566719187786,-0.06220960858904902,-0.15143756990543722,-0.08470683438564569,-0.28390442757031314
prestodb__presto#com,-0.19957998225395024,-0.06220960926824255,-0.15153032617837667,-0.08474960960474648,-0.28772095434415523
eclipse-vertx__vert,-0.19901023743973598,-0.06220876193395209,-0.14781438860888352,-0.08095054060690633,-0.22740489066958336
HdrHistogram__HdrHistogram#bench,-0.1996803963070303,-0.06220959111349265,-0.15099795214747583,-0.08342210209268311,-0.07165126669308026
cantaloupe-project__cantaloupe#edu,-0.19970936275164267,-0.06220960927971725,-0.15154396085305183,-0.08475736924215156,-0.24843191213423949
apache__tinkerpop#org,-0.195728074858108,-0.05736208915669726,0.13055332449240548,0.5624359919948904,0.5284446344111916
HdrHistogram__HdrHistogram#bench,-0.19970098099311553,-0.062209556896954364,-0.15061672325962547,-0.08336848043099547,0.9834465777522358
apache__logging-log4j2#org,-0.19970934173880078,-0.06220960927971764,-0.15154400833113335,-0.08475740043313879,-0.2783274280034658
apache__camel#org,-0.19952202057221713,-0.061652660576145046,-0.05592447075569184,0.014264180742259071,5.598240860841141
raphw__byte-buddy#net,-0.1997093831237634,-0.062209609279717124,-0.15154394976752694,-0.08475732089120853,-0.07227418368311415
jdbi__jdbi#org,-0.014442145727898613,-0.05983445409295398,0.045918721478607226,-0.01476760307214992,-0.2766490960766704
HdrHistogram__HdrHistogram#bench,-0.19968728423867974,-0.062209546882237544,-0.15053195294423813,-0.08243894728313281,0.239260223042009
eclipse__eclipse-collections#org,0.8513496837120642,0.37707825365891856,2.5338859602976003,1.495163756353682,-0.259470239209863
r2dbc__r2dbc-h2#io,-0.19964587532085493,-0.062204062641426236,-0.14200172739383898,-0.06929897593511529,1.4442459135159933
zalando__logbook#org,-0.19970914147054425,-0.06220960927928187,-0.15154137638180468,-0.08475435445408995,-0.16404151942081063
r2dbc__r2dbc-h2#io,-0.19970203707323064,-0.0622096092707828,-0.15153194025018266,-0.0847507864052456,-0.26993950019259055
eclipse__eclipse-collections#org,0.19776230849684992,-0.05439976514030751,0.20651975110208787,-0.009153874798680779,-0.278552230098413
HdrHistogram__HdrHistogram#bench,-0.19968602280569336,-0.06220939678677387,-0.1496763325893699,-0.07947620973948445,0.6331774576848975
eclipse__jetty,-0.19970646773574013,-0.062209609261789534,-0.1515268957258301,-0.08474675025144177,-0.22118623252569786
h2oai__h2o-3#water,-0.19875222805205894,-0.062209609243349784,-0.15151961716512724,-0.08474003339064037,-0.2886500103148336
apache__arrow#org,-0.1990369860312049,-0.0620204480769915,-0.09581838517618955,-0.02615149457293456,0.6671089154244244
h2oai__h2o-3#water,0.5375973684911994,0.1891751240466683,1.8799178677988255,0.5565806982571155,-0.2571599051021524
ReactiveX__RxJava#io,5.016467611312982,2.327375679032521,6.111716863638661,3.288325881116486,-0.27509275806305566
cantaloupe-project__cantaloupe#edu,-0.19848362205928438,-0.06209579232610767,-0.10831828375543864,-0.0415249761618499,0.11786509260229797
apache__hive#org,-0.19970932260401525,-0.062209609279716895,-0.1515439328889636,-0.08475734026745116,-0.2682085346501704
prometheus__client_java#io,-0.1997093458705129,-0.06220960927971762,-0.15154400601653717,-0.08475741474433332,-0.2766734031415171
HdrHistogram__HdrHistogram#bench,-0.1996998321505405,-0.062209529692084084,-0.15040100981079937,-0.08186392073465622,1.0908824846412437
hazelcast__hazelcast#com,-0.19970892309273572,-0.062209609279233385,-0.1515412315506332,-0.08475508077057949,-0.2190542924169097
zalando__logbook#org,-0.19969481497556318,-0.06220960911314352,-0.15149175844971866,-0.08470339733188786,-0.2475508506486384
r2dbc__r2dbc-h2#io,-0.19970849111025404,-0.06220960927738506,-0.15153786315467224,-0.08475316224918819,-0.2093971509563627
protostuff__protostuff#io,-0.19969739463032848,-0.06220960924331585,-0.15151960576946705,-0.08474557950875114,-0.2654321058013096
ReactiveX__RxJava#io,-0.1973809819330657,-0.062209525553057865,-0.15037166406201016,-0.0832182240273225,-0.2831359397018424
ReactiveX__RxJava#io,-0.18685071002618356,-0.0622016273465111,-0.14009700928456897,-0.07905202772410774,-0.2786749089562431
hazelcast__hazelcast#com,-0.19970910081853369,-0.062209609279456186,-0.15154197922533513,-0.0847548366136026,-0.20586040031173305
eclipse-vertx__vert,-0.19970934305482954,-0.06220960927971757,-0.15154399567251628,-0.08475741853871642,-0.27480934707611016
prestodb__presto#com,-0.199124473201535,-0.06218888144412153,-0.13309745636226541,-0.06229105430238555,0.07486950825246125
raphw__byte-buddy#net,-0.1976037571439899,-0.062160690178786907,-0.12320544629854009,-0.05661182386279083,-0.13368709159510983
h2oai__h2o-3#water,-0.19960921962271222,-0.06216573207056845,-0.12470552083851594,-0.05330659001270989,2.8019343763813613
apache__hive#org,-0.1997093216913455,-0.06220960927971683,-0.15154392841750658,-0.08475732720097366,-0.26771996452005237
HdrHistogram__HdrHistogram#bench,-0.19965762150016128,-0.06220838951694853,-0.14706921746714366,-0.07407531533387875,0.7082499292708232
apache__arrow#org,-0.19970934457472092,-0.0622096092797176,-0.1515440014743134,-0.08475742971671249,-0.27584314182821035
eclipse__jetty,-0.1997091915038028,-0.06220960927970406,-0.15154357721319436,-0.08475695911921695,-0.2611812407466418
eclipse__rdf4j#org,-0.15366238131019475,-0.061938832010725815,-0.0848717666609495,-0.021103240646973463,-0.2722412824705017
h2oai__h2o-3#water,6.644651970898725,0.15476983764861849,1.7357889544057008,0.16854687630393927,-0.2857634404074205
eclipse__rdf4j#org,5.447436359940289,-0.040482476156449794,0.4456843446371791,0.04060233551005312,-0.287724478066445
HdrHistogram__HdrHistogram#bench,-0.19969453499517686,-0.06220945726218144,-0.14996430970431432,-0.08130929542194514,0.9379644351307923
crate__crate#io,0.37527808036949073,-0.06097242568506099,-0.009030450924243079,-0.012869435958099206,-0.2860852368164057
prometheus__client_java#io,-0.19970935707804846,-0.06220960927971756,-0.15154399550307676,-0.08475737871072159,-0.2684458646318575
r2dbc__r2dbc-h2#io,-0.19970841376814502,-0.06220960927761208,-0.15153817198274297,-0.08475332740180846,-0.21936364643160478
h2oai__h2o-3#water,-0.17866083285750667,-0.06203170011077419,-0.0975011817846946,-0.04942303577475539,-0.2593253691816147
jdbi__jdbi#org,-0.1997093337548001,-0.062209609279717644,-0.15154400894141037,-0.08475744843038763,-0.28000334523689435
cantaloupe-project__cantaloupe#edu,-0.19661744054535124,-0.062204452277526696,-0.1423429907377866,-0.06952055482172327,-0.2546154391029652
prestodb__presto#com,-0.19970900342014042,-0.062209609278935075,-0.15154046689028747,-0.08475348156799076,-0.18157133277808124
crate__crate#io,-0.19920560604509932,-0.06220958602078009,-0.15092612866582752,-0.08438931007878757,-0.274794797371422
RoaringBitmap__RoaringBitmap#org,-0.12390368290661705,-0.06220189174762937,-0.14028819722484256,-0.08106209919372973,-0.287231597053209
apache__kafka#org,-0.19970925741275491,-0.06220960927954423,-0.15154236358403278,-0.08475500145063157,-0.1404517742560644
RoaringBitmap__RoaringBitmap#org,-0.19928984337179068,-0.062209600586444355,-0.15116627840812172,-0.08410589321594883,-0.27855706321825086
imglib__imglib2#net,-0.17711980211596481,-0.061745282225417406,-0.06423661617172047,-0.07717994358015257,-0.24435843345082126
HdrHistogram__HdrHistogram#bench,-0.19968965372580433,-0.06220884038561855,-0.14799123716655305,-0.07424247647407349,1.78786078655606
apache__tinkerpop#org,-0.19970587738894027,-0.06220960927577911,-0.15153601035479033,-0.08475380460615972,-0.26252529149809495
apache__kafka#org,-0.19970888263698192,-0.062209609279624885,-0.15154281669183045,-0.08475535320292286,-0.2607893746132175
eclipse__rdf4j#org,9.539644888350375,0.06018066909998414,1.265922101376855,0.147868970721089,-0.28726554627537076
hazelcast__hazelcast#com,-0.1997090131999389,-0.06220960927927327,-0.15154135015286144,-0.08475303376014341,-0.20592092206580284
eclipse__jetty,-0.19970934209540636,-0.06220960927971749,-0.1515439862083781,-0.08475740428680298,-0.2727503886858165
eclipse__rdf4j#org,-0.1992603835017222,-0.06218230951152099,-0.1303741558265153,-0.062299241430587286,0.2549613328756653
eclipse__jetty,-0.19970933276254055,-0.0622096092797144,-0.15154381688678292,-0.08475720715767995,-0.24043758347048996
h2oai__h2o-3#water,-0.1996636041798787,-0.06216787877867133,-0.12537029623469848,-0.05769906943061293,6.305908888544335
h2oai__h2o-3#water,-0.13228844737087342,-0.06220535857506252,-0.14319052784883537,-0.08052697761370475,-0.2875151747019354
eclipse__jetty,-0.1997092302341623,-0.06220960927921914,-0.15154119039920982,-0.08475299149454288,-0.08045162470659051
RoaringBitmap__RoaringBitmap#org,-0.19751858453822974,-0.06220958155868499,-0.15086945512395658,-0.08450219353844425,-0.28539230649061564
h2oai__h2o-3#water,0.4725604587309654,-0.06179636392745999,-0.06917895237439535,-0.06569502287678722,-0.28753113028264754
netty__netty#io,-0.1997093402514894,-0.0622096092797168,-0.15154392651799123,-0.08475732834204525,-0.2591074111099139
crate__crate#io,-0.19944934876905365,-0.06220958759572921,-0.15094741627026903,-0.08360377236851141,-0.26247624786594975
cantaloupe-project__cantaloupe#edu,-0.19695703675648002,-0.0621625773856538,-0.1237574474818998,-0.0577791780072391,-0.17248156255310687
apache__tinkerpop#org,-0.015075332017319316,-0.05931934298948537,0.06628117035544513,-0.032335745510704415,-0.2753346743679571
prometheus__client_java#io,-0.19970935471725673,-0.062209609279717595,-0.1515440006172695,-0.08475741184373789,-0.2716214415258548
yellowstonegames__SquidLib#squidpony,-0.19970933450389983,-0.06220960927971718,-0.15154395419937883,-0.08475732183496637,-0.26819154254823135
yellowstonegames__SquidLib#squidpony,-0.1987116899906974,-0.06220932960412471,-0.14940132598938147,-0.08432560069822671,-0.26416894510926403
apache__kafka#org,-0.1994364527667442,-0.062209595992283505,-0.1510770052453921,-0.08461088184577303,-0.2692041178849402
prestodb__presto#com,-0.1997084914418445,-0.06220960927969924,-0.15154350020098079,-0.08475737742165934,-0.28185645063372133
netty__netty#io,-0.19970744065264298,-0.062209609278101534,-0.15153890042352414,-0.08475376297387556,-0.2584386568687143
r2dbc__r2dbc-h2#io,-0.19970843380496903,-0.06220960927734506,-0.1515378103226003,-0.08475249982688147,-0.21353341120251979
openzipkin__zipkin#zipkin2,-0.1997080874974722,-0.06220960927822531,-0.15153910159235884,-0.0847543193375147,-0.2450555996324501
apache__hive#org,-0.19970932308015907,-0.06220960927971703,-0.15154394316382394,-0.08475735238505874,-0.26986857912185525
netty__netty#io,-0.19970885889631487,-0.062209605199447064,-0.15128523980771358,-0.08397057577678747,5.3482151190319955
raphw__byte-buddy#net,-0.1991320149329367,-0.062185083641482015,-0.1314785787120103,-0.06413957787642581,0.11196715424809797
jdbi__jdbi#org,-0.19970286978115878,-0.062209609054687996,-0.15148327160727182,-0.0846980784500449,-0.18138448683883932
eclipse__eclipse-collections#org,0.4746365578603501,-0.052894429449752305,0.239508260431993,0.06144178723026924,-0.28225477427870155
openzipkin__zipkin#zipkin2,-0.19970616223279394,-0.06220960927343679,-0.1515338970502455,-0.08475289730592327,-0.2526364207185
eclipse__jetty,-0.19970927625608162,-0.06220960927894412,-0.15154048765036937,-0.08475193737979239,0.07721100559981331
jdbi__jdbi#org,-0.19970906965658813,-0.06220960927911279,-0.15154090000212048,-0.08475419240194726,-0.17493673878970267
crate__crate#io,0.5561182563280722,-0.050844539736016235,0.2803977993522881,0.036725228213268436,-0.2823518697653986
apache__logging-log4j2#org,-0.19970934733526938,-0.062209609279699325,-0.1515435014749161,-0.08475609063675296,-0.1349638349549143
openzipkin__zipkin#zipkin2,-0.19970820148754498,-0.0622096092784801,-0.15153954386897234,-0.08475456143363586,-0.24513918127523046
protostuff__protostuff#io,-0.19970828947636474,-0.06220960927751756,-0.15153804146056093,-0.08475399097717906,-0.2258625005296261
jdbi__jdbi#org,-0.1997040003342732,-0.062209608911069234,-0.15146625751044202,-0.08468762443475294,-0.12238939978257504
openzipkin__zipkin#zipkin2,-0.19970934388461972,-0.06220960927971763,-0.15154400694381318,-0.08475740409560735,-0.2774587550310332
apache__hive#org,-0.19970932104188438,-0.06220960927971692,-0.15154393453521978,-0.08475734136090865,-0.26896985133906637
prometheus__client_java#io,-0.19970935441515097,-0.06220960927971758,-0.15154399817396938,-0.08475739469887232,-0.2709487346623261
h2oai__h2o-3#water,0.40185692286812735,-0.02183100790620169,0.6626255290370018,-0.025954673084746693,-0.27333145638809175
hazelcast__hazelcast#com,-0.19970905140642703,-0.062209609279459406,-0.15154199201175247,-0.08475471401735821,-0.21847536883212246
apache__tinkerpop#org,-0.07869829667572871,-0.05324092089087854,0.2321664662267684,0.17151528657803997,-0.2523652553599464
jgrapht__jgrapht#org,1.62308638859281,0.2190468245275628,1.997228605258569,0.17727036772170443,-0.27534544710889475
yellowstonegames__SquidLib#squidpony,-0.19970926634017175,-0.06220960927971768,-0.1515440162955364,-0.08475742988321563,-0.28563044659500747
imglib__imglib2#net,-0.1929343207686424,-0.062198995217336905,-0.13834386530499415,-0.06931291852287016,-0.2664683139205005
apache__tinkerpop#org,-0.19970125566816163,-0.062209609001684464,-0.15147649171214253,-0.0846811418781582,-0.19311478749018327
HdrHistogram__HdrHistogram#bench,-0.19964005750776329,-0.062208895597563554,-0.14812117155070562,-0.07722098228556294,0.2805902534989405
RoaringBitmap__RoaringBitmap#org,-0.19642946927905838,-0.06220439868874902,-0.14229530806770416,-0.08292399655558534,-0.25641512016163376
yellowstonegames__SquidLib#squidpony,-0.19823195457256224,-0.06220858187522033,-0.14743719074746403,-0.08355160000075199,-0.2568775172527629
eclipse__jetty,-0.19970929650897806,-0.06220960927971568,-0.1515438667362279,-0.0847572779671728,-0.26579580243702505
ReactiveX__RxJava#io,-0.19970796521394948,-0.06220960927757362,-0.15153811852713867,-0.08475427041897349,-0.2408585306317827
RoaringBitmap__RoaringBitmap#org,-0.19775136453698772,-0.06220955150422645,-0.15057015881351046,-0.08452406680407881,-0.2832066491597388
RoaringBitmap__RoaringBitmap#org,-0.18376424298462346,-0.06215417869644895,-0.12137831301583143,-0.08120765899458554,-0.2671201317580677
prestodb__presto#com,-0.19958931712097047,-0.06220960650258102,-0.1513305317402985,-0.08470308497849745,-0.26843030633112624
hazelcast__hazelcast#com,-0.199691450618986,-0.06220960907516656,-0.1514861031601118,-0.08475426201366394,-0.2516774967771557
apache__logging-log4j2#org,-0.122608156919528,-0.061437235924053396,-0.03894029519562631,-0.019008189178007888,-0.2720965226317442
imglib__imglib2#net,-0.18382565541948087,-0.062058533271890585,-0.10174317494389806,-0.08099576115587577,-0.25277515751758384
jgrapht__jgrapht#org,0.12690611339029675,-0.058759972203202726,0.08642799184026055,-0.022723750337426324,-0.2805393522431704
openzipkin__zipkin#zipkin2,-0.19970924671997814,-0.06220960927943825,-0.15154190933186615,-0.08475591964100286,-0.11469661761180276
hazelcast__hazelcast#com,-0.1996922124286441,-0.06220960910814312,-0.15149097935990036,-0.0847062421261268,-0.25329961077703766
prestodb__presto#com,1.9511939483149539,-0.002432814039404013,0.839072431514417,0.14722278617162504,-0.28363148721321835
apache__kafka#org,-0.1997076913475265,-0.06220960927873313,-0.15154003096928503,-0.08475319997517593,-0.26161706023052816
netty__netty#io,-0.19970934240694183,-0.062209609279717484,-0.1515439857340268,-0.08475738451746574,-0.27252238873016016
apache__logging-log4j2#org,-0.1997078361507534,-0.062209609277632756,-0.15153820091867978,-0.08475293346277052,-0.2454686008446496
eclipse__jetty,-0.1997085695286546,-0.06220960926919431,-0.1515309076849651,-0.08474322467223398,-0.1038100999256317
imglib__imglib2#net,-0.197374061276705,-0.06220959499156036,-0.15105973703646824,-0.08434458970828787,-0.28655208895749756
apache__hive#org,-0.19970931486276994,-0.06220960927971603,-0.15154388319888398,-0.08475714825337091,-0.2626066341968756
apache__camel#org,-0.19954677343375188,-0.061647073066066226,-0.055446022708074916,0.01604608563039933,6.528314832607283
openzipkin__zipkin#zipkin2,-0.199707794687271,-0.06220960927770644,-0.15153830522834794,-0.08475399507027974,-0.24735459117566805
eclipse__rdf4j#org,-0.1978433854087579,-0.0621427961917058,-0.1184256009793558,-0.030262626173582673,-0.08419924246232369
apache__hive#org,-0.19970737660714052,-0.06220960927970107,-0.15154352800571558,-0.084756879866624,-0.28594345607378513
imglib__imglib2#net,-0.18885730907406703,-0.06217609335182953,-0.12808746232648363,-0.08187186673615461,-0.264009572873965
JCTools__JCTools#org,-0.19970695814970554,-0.06220960927383781,-0.1515342265576888,-0.08475486541359373,-0.24231007066472715
yellowstonegames__SquidLib#squidpony,-0.19561354850284135,-0.062208218233714266,-0.1467653490288306,-0.08277875637218877,-0.2754851773654918
HdrHistogram__HdrHistogram#bench,-0.19959047743297895,-0.062207229817175455,-0.14529407075684306,-0.07474776630050688,0.31739027713922785
apache__camel#org,-0.19970871824441694,-0.06220960927884975,-0.15154027655256144,-0.0847538990815102,-0.2239775451569517
apache__logging-log4j2#org,-0.19970841135344616,-0.06220960927841169,-0.15153942096213932,-0.0847507813266325,-0.23428029807182285
jdbi__jdbi#org,-0.19969829015305587,-0.06220960791473618,-0.15139435800740603,-0.08463133057902122,-0.13334823162070966
crate__crate#io,-0.09483660485700393,-0.06168725956279064,-0.058942147081062546,-0.02625757209230799,-0.27875827349468696
apache__kafka#org,-0.19966129067916769,-0.062209564921486146,-0.15069070305932972,-0.08381793963554424,-0.08427324970977813
prometheus__client_java#io,-0.19970930850734808,-0.06220960927965471,-0.1515430340809229,-0.08475572170772587,-0.14229731216473732
RoaringBitmap__RoaringBitmap#org,-0.1590811986408804,-0.062207406464461934,-0.14553053812765965,-0.07523634161496767,-0.28723701462195106
zalando__logbook#org,-0.19970665880929184,-0.062209609270343934,-0.15153164638018987,-0.08474700488735575,-0.23651995598689637
openzipkin__zipkin#zipkin2,-0.19691605174527646,-0.062208152128073915,-0.1466531195509281,-0.08003732093431874,-0.26874574886041946
jgrapht__jgrapht#org,-0.11748005416187447,-0.06213674161624868,-0.11695754802263325,-0.06337279715215069,-0.2840923291191438
eclipse__rdf4j#org,-0.19950787821719376,-0.06218387768487235,-0.13099117604904842,-0.06470815249820656,0.8876627238933765
eclipse__jetty,-0.1997092822498217,-0.06220960927935279,-0.15154160366422983,-0.08475370159635151,-0.023270882755521683
jdbi__jdbi#org,-0.19970932841462047,-0.06220960927971759,-0.15154399893986728,-0.08475739850630604,-0.2788784219089032
raphw__byte-buddy#net,-0.19844162778073662,-0.06220879152853503,-0.1478800989695399,-0.08190472063366562,-0.25560425919963753
raphw__byte-buddy#net,-0.19877269169879538,-0.06220802655324287,-0.14644672821984744,-0.07606120917010223,-0.22616767809720448
apache__hive#org,-0.1997047398618741,-0.06220960927967611,-0.1515432246102288,-0.0847565882230126,-0.28689276148654524
apache__tinkerpop#org,-0.1955281316159355,-0.06220505544644682,-0.1428978011960725,-0.07745659134039187,-0.26508962452733464
hazelcast__hazelcast#com,-0.19970903905083418,-0.06220960927936601,-0.15154164841587114,-0.0847544446537479,-0.2096250564822252
apache__logging-log4j2#org,-0.19970852054392504,-0.06220960927940244,-0.1515417762518302,-0.08475392155965321,-0.2587066720365104
prometheus__client_java#io,-0.19970935116738686,-0.062209609279717665,-0.1515440140092843,-0.08475738931491926,-0.2774014712628269
jdbi__jdbi#org,-0.19970664225081794,-0.062209609272767655,-0.15153336983806084,-0.0847513821739343,-0.24407559263199802
jgrapht__jgrapht#org,0.828038993658902,-0.03768647089739831,0.4829495699440452,0.023801537223986976,-0.2818225869942411
eclipse__eclipse-collections#org,1.1256440533199854,-0.00010448586893984112,0.8581805798221633,0.560780897828632,-0.28015574320089026
raphw__byte-buddy#net,-0.1994825514637888,-0.06219658796492057,-0.13692340226121194,-0.06095116102095439,0.45460319888579465
eclipse__eclipse-collections#org,-0.14464543413546638,-0.062000560684717376,-0.09296223106772587,-0.065018548426567,-0.2766714734656666
apache__hive#org,-0.19970931020557656,-0.06220960927971679,-0.15154392597420782,-0.08475729535093227,-0.27047237187725853
prometheus__client_java#io,-0.19970929106952456,-0.06220960927960164,-0.1515426707444398,-0.0847556542223709,-0.12552980386904503
openzipkin__zipkin#zipkin2,-0.19970904224514296,-0.06220960927883248,-0.15154023917206672,-0.08475488222421891,-0.16194693747933522
hazelcast__hazelcast#com,-0.19970928205991736,-0.06220960927966794,-0.15154314710682995,-0.08475493238630624,-0.19096895203796163
HdrHistogram__HdrHistogram#bench,-0.19969129237148764,-0.062209593409893994,-0.15103363421464575,-0.08418586614551653,0.03643859718065692
jgrapht__jgrapht#org,3.2101840787639313,0.37782851955188307,2.536178223730011,0.28421391065800855,-0.2798516550318145
netty__netty#io,-0.1997093420914902,-0.062209609279717415,-0.1515439770297821,-0.08475738265687084,-0.2704718922835337
crate__crate#io,0.37171078136708996,-0.05740791062525527,0.12921688780341992,-0.010769336172340948,-0.28327640232745177
protostuff__protostuff#io,-0.19970931169539613,-0.06220960927970895,-0.15154367128982194,-0.08475672955986017,-0.23187807729288795
netty__netty#io,-0.19970913432524007,-0.06220960927935381,-0.1515416070905153,-0.08475509352637872,-0.17802183645379133
raphw__byte-buddy#net,-0.19872112414094423,-0.06220504119680468,-0.1428842840411973,-0.06824720012478076,-0.1878589016651079
imglib__imglib2#net,-0.19768936650966035,-0.06220960424327499,-0.15125650946692434,-0.08453401582181498,-0.28730239367086985
crate__crate#io,-0.19957685584235493,-0.061905630435279524,-0.08090238818807916,0.0021510435452349263,5.859908415273635
eclipse__eclipse-collections#org,0.02192032064050119,-0.06138007629549298,-0.034848025681842885,-0.056648439184290175,-0.2828703670392707
eclipse-vertx__vert,-0.19970934200849788,-0.062209609279717575,-0.1515439969939289,-0.0847573868322615,-0.275454871306493
JCTools__JCTools#org,-0.19970933606573024,-0.062209609279717436,-0.15154397947000497,-0.08475737856623848,-0.27312987267182015
protostuff__protostuff#io,-0.1997093630191635,-0.06220960927971772,-0.15154402853506274,-0.08475740180566436,-0.2786071732898811
eclipse-vertx__vert,-0.19970929866502657,-0.062209609279717214,-0.15154395784607835,-0.08475737306858427,-0.2769356429504993
prometheus__client_java#io,-0.19970933369801253,-0.0622096092797175,-0.15154398767127583,-0.08475739671921008,-0.27553800877431645
apache__tinkerpop#org,-0.19970883856570726,-0.06220960927858052,-0.15153973060706483,-0.0847520300345292,-0.1983125629809155
zalando__logbook#org,-0.19970293681047455,-0.06220960926537735,-0.15152870806219765,-0.08474764549988627,-0.2615097989211519
imglib__imglib2#net,-0.1726988141618123,-0.06139799077736542,-0.03611497903029204,-0.07628336251777117,-0.23964555841783944
netty__netty#io,-0.19970933844664435,-0.06220960927971673,-0.15154392173419257,-0.08475732978558148,-0.2590807641096717
protostuff__protostuff#io,-0.19970926338022468,-0.062209609279625364,-0.15154281984713097,-0.08475553333520677,-0.17542719609125326
hazelcast__hazelcast#com,-0.19970925395524536,-0.06220960927971718,-0.15154395434170723,-0.0847573647920569,-0.2806248107511916
ReactiveX__RxJava#io,-0.1997091180652838,-0.06220960927948929,-0.1515421147862843,-0.08475492765872955,-0.20634438768343308
eclipse__jetty,-0.19970924324416178,-0.062209609279092436,-0.15154084742419227,-0.08475480220601395,-0.034550132818836926
prestodb__presto#com,-0.19966436808759527,-0.062163128496796505,-0.12392072638374645,-0.05620420683605114,6.789247805972721
apache__hive#org,-0.19529239383124425,-0.06201163102050386,-0.09453445234553594,-0.05434640672682441,-0.14005045868454827
cantaloupe-project__cantaloupe#edu,-0.1988073905220577,-0.06218063078037023,-0.1297329708367946,-0.053141635527025916,-0.009993571779836464
apache__arrow#org,-0.19970931206532322,-0.06220960927971711,-0.15154394881309227,-0.0847573759491241,-0.27346855077788074
JCTools__JCTools#org,-0.19970934217087166,-0.06220960927971575,-0.1515438699612036,-0.08475723016821854,-0.24380007828148675
eclipse-vertx__vert,-0.19870441784684534,-0.062209487138899705,-0.15012803054917506,-0.08288238026802801,-0.27269004316931716
apache__kafka#org,-0.19936235839099284,-0.062209461702504146,-0.14998755224498045,-0.0842835826403804,-0.23720313305316626
jgrapht__jgrapht#org,-0.1448564122002098,-0.06213938386584492,-0.11759040748630556,-0.06344347358724832,-0.28180377351964975
protostuff__protostuff#io,-0.19970928487255651,-0.06220960927950971,-0.15154220337914523,-0.08475371806653931,-0.08328820504838773
yellowstonegames__SquidLib#squidpony,-0.1951238418622715,-0.06220823404183967,-0.14679257967897066,-0.08290515551612691,-0.27699105085735476
h2oai__h2o-3#water,-0.18933325872934548,-0.0622093606525526,-0.14952376227904637,-0.08399517125028148,-0.2866983729082928
zalando__logbook#org,-0.1997088969386114,-0.06220960927921694,-0.15154118407105197,-0.08475496420757661,-0.22165844463724446
RoaringBitmap__RoaringBitmap#org,-0.19506968989479415,-0.06220956509141379,-0.1506923391323474,-0.08392482786386113,-0.28682682492103423
eclipse__rdf4j#org,0.6506098208858455,-0.05610809595573483,0.16494450980565412,0.010554753959973469,-0.28465079472184146
netty__netty#io,-0.1997093025578878,-0.06220960927965708,-0.15154305340434973,-0.084755245739404,-0.15503778056934236
zalando__logbook#org,-0.19970868491991586,-0.06220960927822297,-0.15153909771701105,-0.08475392406681836,-0.2077270583857956
JCTools__JCTools#org,-0.19969339210723275,-0.06220960911822005,-0.15149256145693357,-0.08475278429567872,-0.25181187855403825
apache__tinkerpop#org,-0.1979717977640482,-0.06220718394394343,-0.1452341122312293,-0.07680008517800711,-0.24705223130736131
apache__logging-log4j2#org,-0.19970838494136556,-0.062209609275731735,-0.15153596213857468,-0.08474962977533926,-0.19596071832096082
yellowstonegames__SquidLib#squidpony,-0.1955659562242307,-0.062208131047057705,-0.1466178673613893,-0.08028181872945986,-0.27522915955930943
cantaloupe-project__cantaloupe#edu,-0.1993766671916378,-0.06196478206418327,-0.08814699658922834,-0.012186907983194696,1.9091412552955926
protostuff__protostuff#io,-0.1996973546610309,-0.06220960924077299,-0.1515187663549017,-0.0847460365910452,-0.2647055123442595
apache__tinkerpop#org,-0.19969580411675567,-0.06220960900622162,-0.15147704522392333,-0.08468563571316537,-0.2320421766127992
eclipse__jetty,-0.19969277586605078,-0.062209609192984815,-0.15150631753722169,-0.08475005170384396,-0.2627416783539293
eclipse__rdf4j#org,-0.15348109925858508,-0.06193123454599498,-0.08394289216971927,-0.023041794295365684,-0.272074987622812
apache__arrow#org,-0.19691900521508657,-0.06220012395803037,-0.1390654685115138,-0.06881226500892408,-0.23735544052690516
raphw__byte-buddy#net,-0.19961539103339923,-0.062207739717960245,-0.14600405931857074,-0.07575266172649348,0.39096176629184376
netty__netty#io,-0.19970912519276182,-0.06220960927936458,-0.15154164352238128,-0.08475451638965795,-0.18346448175410845
jgrapht__jgrapht#org,-0.12143546131285653,-0.061415909612838424,-0.037396306755993064,0.03160623498548271,-0.27212138479305464
cantaloupe-project__cantaloupe#edu,-0.14716375864795284,-0.061461569685761504,-0.04072829149667531,0.2746927851869989,-0.26461567496468824
crate__crate#io,-0.17188161577690894,-0.06209141139585013,-0.10749423661671977,-0.061400588058473884,-0.2706836139384877
prometheus__client_java#io,-0.19970935450532076,-0.06220960927971761,-0.15154400299587947,-0.08475741457677788,-0.27253567858157474
imglib__imglib2#net,-0.19970934717509917,-0.062209609279717665,-0.1515440134262208,-0.08475740192614657,-0.27835304437656355
eclipse__rdf4j#org,0.05532067012162092,-0.06042098261408664,0.019811858163579332,0.029051786688382555,-0.2811933896121953
apache__kafka#org,-0.1997072363446381,-0.062209609277665945,-0.1515382476667527,-0.08475188473636151,-0.2578357218603492
cantaloupe-project__cantaloupe#edu,-0.19695295759902143,-0.06214767687697568,-0.11965818657283597,-0.05381370413192931,-0.15549796707147015
r2dbc__r2dbc-h2#io,-0.19970846860572797,-0.0622096092775439,-0.15153807755403992,-0.08475282912935271,-0.21403173826593733
jgrapht__jgrapht#org,1.5819129536157486,0.017005883302169112,0.9888220515750339,0.13914547930332413,-0.28156061617104416
ReactiveX__RxJava#io,-0.19969433758119295,-0.062209609277813306,-0.15153845995995385,-0.08475228467421698,-0.2846588587387782
openzipkin__zipkin#zipkin2,-0.19966681556210836,-0.06220960903785705,-0.15148103959812595,-0.08468251932731413,-0.2718701520970207
prestodb__presto#com,-0.19965346740020637,-0.06220960924403942,-0.1515198499444521,-0.08474403724179388,-0.28395195824097247
crate__crate#io,-0.19965407105343677,-0.0622096055379494,-0.15129620781321163,-0.08428327961292949,-0.23725866996867917
apache__logging-log4j2#org,-0.19970914564092526,-0.062209609279127775,-0.15154093929052248,-0.08475280698000859,-0.14113774152082106
apache__hive#org,-0.19970932183067086,-0.062209609279717096,-0.15154394721006642,-0.08475735913144397,-0.2709256742313602
r2dbc__r2dbc-h2#io,-0.19969556156427193,-0.062209609266629315,-0.15152939311757774,-0.08474714107852545,-0.27671490044003316
h2oai__h2o-3#water,1.6452900238250825,5.640227743509475,9.523868619710642,23.572381981068478,-0.22844810793338752
raphw__byte-buddy#net,-0.19899857091930082,-0.06218157948910036,-0.1300929713866508,-0.06198491089948057,0.059190101579185736
r2dbc__r2dbc-h2#io,-0.19958351032809069,-0.062190568111225975,-0.13386389778670307,-0.06599701049514028,1.3313415628239202
jgrapht__jgrapht#org,0.15746610716082554,-0.03679459523477196,0.4943843978713799,-0.020785196689034103,-0.2680823547216733
imglib__imglib2#net,-0.1798119321887996,-0.06187518192937847,-0.07744884195557374,-0.07800612003987903,-0.24598603263222657
apache__camel#org,-0.1997074278766347,-0.06220960927564565,-0.15153587525176293,-0.08475362776986262,-0.2408380801577583
RoaringBitmap__RoaringBitmap#org,-0.19853118291197916,-0.062209599926997275,-0.15115221189960515,-0.08456944631765352,-0.28510792824803866
prometheus__client_java#io,-0.1997093498624321,-0.062209609279717575,-0.15154399699988225,-0.08475741268224081,-0.27271705713811756
prestodb__presto#com,-0.19970890807929262,-0.06220960927971632,-0.15154389802263127,-0.0847574188644455,-0.2852618307394613
RoaringBitmap__RoaringBitmap#org,-0.1987967969677171,-0.062209551569964196,-0.1505707130253893,-0.08458522054535243,-0.2766405770713801
hazelcast__hazelcast#com,-0.1997092834640174,-0.06220960927963934,-0.15154291681216417,-0.08475520890449684,-0.1643749704047498
HdrHistogram__HdrHistogram#bench,-0.19951101931166126,-0.06220960595616783,-0.15131046887951533,-0.08457860993995905,-0.2753606694787826
apache__arrow#org,-0.19970929570907933,-0.062209609279717075,-0.15154394593831785,-0.08475734783346807,-0.27583820366557116
JCTools__JCTools#org,-0.19970892449338418,-0.06220960927963378,-0.15154287727742413,-0.08475716240433692,-0.2597559426866271
eclipse-vertx__vert,-0.19970778141392387,-0.062209609211816334,-0.1515106643019906,-0.08472355005656189,-0.04928960150503678
apache__tinkerpop#org,-0.19970345666648767,-0.06220960926287539,-0.15152742337230207,-0.08474520303064892,-0.2566070755449929
hazelcast__hazelcast#com,-0.199202435101076,-0.06220948060417659,-0.15009064443235792,-0.08112232477037383,-0.2558713639310953
r2dbc__r2dbc-h2#io,-0.1997027068632958,-0.062209137506125986,-0.1487610972608551,-0.07706095887415208,4.515875623297978
apache__logging-log4j2#org,-0.19728792925742394,-0.06218211598276345,-0.130299251375395,-0.05654171925209182,-0.18773257447180777
crate__crate#io,-0.1996944276512857,-0.062209608918427764,-0.15146703783946042,-0.08470281589931795,-0.2295609488578433
netty__netty#io,-0.19970922038147737,-0.062209609279582904,-0.1515425635383569,-0.084754706702044,-0.18687101616037502
eclipse-vertx__vert,-0.19970934326722517,-0.06220960927971765,-0.15154401152125208,-0.08475742958152822,-0.2787819224737653
apache__camel#org,-0.19970232334634652,-0.06220960922457787,-0.15151396486644356,-0.08474166537993959,-0.2398192697337667
eclipse__eclipse-collections#org,-0.1918103686529083,-0.06206012621217493,-0.10200642006779366,-0.0336489389164024,-0.21659788111143466
apache__arrow#org,-0.1995978079233089,-0.06220960924824949,-0.15152132264704252,-0.08475134636519457,-0.28659463421239123
h2oai__h2o-3#water,-0.18345675286385685,-0.06204456778877904,-0.09949224507935053,-0.050403671311735045,-0.2519984329408067
apache__tinkerpop#org,-0.1996950118762254,-0.062209608311641254,-0.15141798653127883,-0.08462645442764358,-0.18778834291224225
imglib__imglib2#net,-0.16919393211486827,-0.06148114534385828,-0.04218788831355875,0.033814032196151644,-0.24760363084259904
apache__kafka#org,-0.1997022265450615,-0.06220960926290454,-0.15152743776828745,-0.0847523310777585,-0.2621844405273362
cantaloupe-project__cantaloupe#edu,-0.19696429613299488,-0.06216382552222475,-0.12412862832622083,-0.04595164487087664,-0.17373343421827658
eclipse__rdf4j#org,-0.16077019480123667,-0.06197636144119705,-0.08966437271088051,-0.034758937571194706,-0.2706121853227551
apache__arrow#org,-0.19970934307884564,-0.062209609279717595,-0.15154400089920647,-0.08475740658169145,-0.2761283305659666
eclipse__rdf4j#org,0.9158639769337148,-0.04455117247018232,0.38686873338443406,0.09068163809351854,-0.2833768307015395
eclipse__rdf4j#org,-0.1956278582749043,-0.062157170263902155,-0.12220361952648856,-0.04233892213145594,-0.2060167865268978
eclipse-vertx__vert,-0.1997093247461064,-0.06220960927971748,-0.1515439845605386,-0.0847573957891349,-0.276856863189691
prestodb__presto#com,0.728629834630832,-0.04891984137331067,0.315543114332771,0.046417996455229496,-0.28314023223878093
eclipse__eclipse-collections#org,0.6999372211780324,-0.04664794391252004,0.35389322937705187,0.23058059305249046,-0.28246335810380563
cantaloupe-project__cantaloupe#edu,-0.1997093194115619,-0.0622096092797149,-0.1515438352260877,-0.084756885175235,-0.2528672165409756
yellowstonegames__SquidLib#squidpony,-0.19871044502833052,-0.06220932457394809,-0.14938214259508453,-0.08339603442564637,-0.2639782881879671
apache__logging-log4j2#org,-0.19969515998209195,-0.06220960923279228,-0.15151629625038074,-0.08474393167864178,-0.26644157133173546
prometheus__client_java#io,-0.19970921517069057,-0.062209609279706646,-0.15154362441123326,-0.084756971527466,-0.2605317862183846
HdrHistogram__HdrHistogram#bench,-0.19970933375883612,-0.06220960927971748,-0.15154398449982648,-0.08475738413891747,-0.2748552038892108
apache__hive#org,-0.19970932311689518,-0.062209609279717096,-0.1515439474899886,-0.08475736524816799,-0.27062075713567146
apache__tinkerpop#org,-0.1404938593121048,-0.061877848314814195,-0.07774481320836749,-0.05722394729865662,-0.2745673609994253
imglib__imglib2#net,-0.19031721883190875,-0.062208428832602594,-0.1471419250488932,-0.08376042451942149,-0.28353754472614273
apache__arrow#org,-0.19970927848979467,-0.06220960927808604,-0.151538875798987,-0.08475190587161488,0.2536136572700206
eclipse-vertx__vert,-0.19970752555419133,-0.06220960924025701,-0.15151859940044535,-0.08472878863164714,-0.13133958609096397
yellowstonegames__SquidLib#squidpony,-0.19970934024008236,-0.062209609279717325,-0.1515439671075397,-0.08475737427275092,-0.26880995533364693
apache__logging-log4j2#org,-0.1969424522499216,-0.062209458898740334,-0.1499728361423337,-0.08302093625780683,-0.2823937242221842
jgrapht__jgrapht#org,-0.10321199778259274,-0.06198341614420851,-0.09060734930333308,-0.04435073947730203,-0.2816596673068934
raphw__byte-buddy#net,-0.19632300239731956,-0.06214356066744221,-0.11861561683361277,-0.053159698898367226,-0.17677085903256082
h2oai__h2o-3#water,-0.19966588047720554,-0.06216888844320789,-0.12568887045501623,-0.05802184968869683,6.566475951179665
h2oai__h2o-3#water,-0.1914571995934081,-0.06213599717492925,-0.1167813231162848,-0.054275041884891406,-0.2403484578449462
prestodb__presto#com,9.879519630528609,0.24844712900863197,2.10674549952625,0.9956630996179533,-0.28635980971421576
apache__arrow#org,-0.19970269669207355,-0.0622096092639305,-0.15152795263526878,-0.08471816659972675,-0.2611919421131422
imglib__imglib2#net,0.031226324162119887,-0.05864898866796456,0.09022576839658848,-0.004065171471651196,-0.2768672739421545
apache__kafka#org,-0.19970881966478005,-0.062209609279009266,-0.15154064100939205,-0.08475459652143519,-0.21978574664940426
apache__camel#org,-0.19970929196760862,-0.0622096092795986,-0.15154265281871934,-0.08475514053360465,-0.1218686080017054
protostuff__protostuff#io,-0.19970811109589798,-0.06220960927805683,-0.1515388296696345,-0.08475180369933165,-0.24178920764468614
apache__logging-log4j2#org,-0.19967855935332643,-0.06220960909434645,-0.15148888679888153,-0.08462613629697613,-0.2683023613337648
jgrapht__jgrapht#org,-0.19966202121182278,-0.062209609055618516,-0.15148339740261468,-0.0847240708491139,-0.27417258531212535
JCTools__JCTools#org,-0.1997083827846651,-0.0622096092794552,-0.15154197529596966,-0.08475638469891361,-0.26513144728323346
r2dbc__r2dbc-h2#io,-0.19963980665693987,-0.06219989192067255,-0.1389137602798726,-0.06437227009831836,1.8050398184083452
ReactiveX__RxJava#io,-0.18972818524061721,-0.06220935223946266,-0.14948986519722485,-0.08251538339042477,-0.28657032294007617
zalando__logbook#org,-0.1997089072609079,-0.06220960927908162,-0.15154081983957945,-0.08475470931859717,-0.21148475882717252
apache__hive#org,-0.1997093240974164,-0.062209609279716964,-0.1515439374926683,-0.08475735309304994,-0.2685521443861223
netty__netty#io,-0.1997093197819178,-0.062209609279653334,-0.1515430230331309,-0.08475465366698753,-0.11639542425836964
imglib__imglib2#net,0.21120396643032624,-0.057813193584256024,0.1171070409895666,-0.008669236386582723,-0.28140236050587253
ReactiveX__RxJava#io,-0.19828009295063828,-0.062209422409205926,-0.14979255348893036,-0.08196799743893242,-0.27480793874322423
prometheus__client_java#io,-0.19970931360701566,-0.06220960927965518,-0.1515430378798332,-0.0847551620696046,-0.13290124066523132
apache__camel#org,-0.19970759290747128,-0.062209609276520896,-0.15153680702562092,-0.08475043008647516,-0.24240295063647974
netty__netty#io,-0.19970925432345932,-0.06220960927971738,-0.1515439732058475,-0.08475739320715524,-0.28222343608115225
imglib__imglib2#net,-0.18814410410631635,-0.062151906655942446,-0.12076629084195561,-0.08149665298922663,-0.2582446037644269
zalando__logbook#org,-0.19970870230924734,-0.06220960927850471,-0.1515395889185771,-0.0847544164020034,-0.21392647239454238
r2dbc__r2dbc-h2#io,-0.1997023387321236,-0.062209609271545466,-0.15153246866364625,-0.08474778167383486,-0.2699909575192043
raphw__byte-buddy#net,-0.19573489281757173,-0.0621422198595676,-0.11828306721306191,-0.05238771991027088,-0.19240406041997524
apache__tinkerpop#org,-0.1997087077033251,-0.06220960927874804,-0.15154006150628288,-0.08475433461599387,-0.22133965812959602
apache__logging-log4j2#org,-0.19969588601186974,-0.062209609208325085,-0.151509816738168,-0.08473945654316681,-0.2596957494723228
yellowstonegames__SquidLib#squidpony,-0.19885199548137644,-0.0622092918243152,-0.14926118446764777,-0.08420459861176954,-0.2582290526040479
